TDSFU Daily run: Mon Oct 27 09:00:31 UTC 2025 TDSFU
TDSFU Daily run: Tue Oct 28 04:35:40 UTC 2025 TDSFU
TDSFU Daily run: Wed Oct 29 04:41:31 UTC 2025 TDSFU
TDSFU Daily run: Thu Oct 30 04:35:46 UTC 2025 TDSFU
TDSFU Daily run: Fri Oct 31 04:43:40 UTC 2025 TDSFU
TDSFU Daily run: Sat Nov  1 04:33:09 UTC 2025 TDSFU
TDSFU Daily run: Sun Nov  2 04:35:52 UTC 2025 TDSFU
TDSFU Daily run: Mon Nov  3 04:42:22 UTC 2025 TDSFU
TDSFU Daily run: Tue Nov  4 04:36:02 UTC 2025 TDSFU
TDSFU Daily run: Wed Nov  5 04:36:37 UTC 2025 TDSFU
TDSFU Daily run: Thu Nov  6 04:42:03 UTC 2025 TDSFU
TDSFU Daily run: Fri Nov  7 04:36:07 UTC 2025 TDSFU
TDSFU Daily run: Sat Nov  8 04:34:54 UTC 2025 TDSFU
TDSFU Daily run: Sun Nov  9 04:34:45 UTC 2025 TDSFU
TDSFU Daily run: Mon Nov 10 04:40:47 UTC 2025 TDSFU
TDSFU Daily run: Tue Nov 11 04:38:59 UTC 2025 TDSFU
TDSFU Daily run: Wed Nov 12 04:38:51 UTC 2025 TDSFU
TDSFU Daily run: Thu Nov 13 04:40:12 UTC 2025 TDSFU
TDSFU Daily run: Fri Nov 14 04:37:06 UTC 2025 TDSFU
TDSFU Daily run: Sat Nov 15 04:34:55 UTC 2025 TDSFU
TDSFU Daily run: Sun Nov 16 04:39:31 UTC 2025 TDSFU
TDSFU Daily run: Mon Nov 17 04:41:13 UTC 2025 TDSFU
TDSFU Daily run: Tue Nov 18 04:38:06 UTC 2025 TDSFU
TDSFU Daily run: Wed Nov 19 04:38:29 UTC 2025 TDSFU
TDSFU Daily run: Thu Nov 20 04:36:08 UTC 2025 TDSFU
TDSFU Daily run: Fri Nov 21 04:38:06 UTC 2025 TDSFU
TDSFU Daily run: Sat Nov 22 04:34:34 UTC 2025 TDSFU
TDSFU Daily run: Sun Nov 23 04:46:06 UTC 2025 TDSFU
TDSFU Daily run: Mon Nov 24 04:47:06 UTC 2025 TDSFU
TDSFU Daily run: Tue Nov 25 04:41:26 UTC 2025 TDSFU
TDSFU Daily run: Wed Nov 26 04:41:41 UTC 2025 TDSFU
TDSFU Daily run: Thu Nov 27 04:39:02 UTC 2025 TDSFU
TDSFU Daily run: Fri Nov 28 04:38:55 UTC 2025 TDSFU
TDSFU Daily run: Sat Nov 29 04:37:31 UTC 2025 TDSFU
TDSFU Daily run: Sun Nov 30 04:47:15 UTC 2025 TDSFU
TDSFU Daily run: Mon Dec  1 04:58:15 UTC 2025 TDSFU
TDSFU Daily run: Tue Dec  2 04:44:26 UTC 2025 TDSFU
TDSFU Daily run: Wed Dec  3 04:42:35 UTC 2025 TDSFU
TDSFU Daily run: Thu Dec  4 04:44:32 UTC 2025 TDSFU
TDSFU Daily run: Fri Dec  5 04:44:07 UTC 2025 TDSFU
TDSFU Daily run: Sat Dec  6 04:35:56 UTC 2025 TDSFU
TDSFU Daily run: Sun Dec  7 04:45:29 UTC 2025 TDSFU
TDSFU Daily run: Mon Dec  8 04:46:38 UTC 2025 TDSFU
TDSFU Daily run: Tue Dec  9 04:43:15 UTC 2025 TDSFU
TDSFU Daily run: Wed Dec 10 04:46:21 UTC 2025 TDSFU
TDSFU Daily run: Thu Dec 11 04:48:47 UTC 2025 TDSFU
TDSFU Daily run: Fri Dec 12 04:46:51 UTC 2025 TDSFU
TDSFU Daily run: Sat Dec 13 04:41:33 UTC 2025 TDSFU
TDSFU Daily run: Sun Dec 14 04:49:01 UTC 2025 TDSFU
TDSFU Daily run: Mon Dec 15 04:53:22 UTC 2025 TDSFU
TDSFU Daily run: Tue Dec 16 04:49:05 UTC 2025 TDSFU
TDSFU Daily run: Wed Dec 17 04:46:15 UTC 2025 TDSFU
